<?xml version="1.0" encoding="UTF-8"?>
<launch4jConfig>
  <dontWrapJar>false</dontWrapJar>
  <headerType>gui</headerType>
  <jar>C:\Job\Up To Date\LifeManagerFinal\out\artifacts\LifeManagerFinal_jar\LifeManagerFinal.jar</jar>
  <outfile>C:\Job\Up To Date\LifeManagerFinal\out\artifacts\LifeManagerFinal_jar\LifeManagerFinal.exe</outfile>
  <errTitle></errTitle>
  <cmdLine></cmdLine>
  <chdir>.</chdir>
  <priority>normal</priority>
  <downloadUrl>http://java.com/download</downloadUrl>
  <supportUrl></supportUrl>
  <stayAlive>false</stayAlive>
  <restartOnCrash>false</restartOnCrash>
  <manifest></manifest>
  <icon></icon>
  <jre>
    <path></path>
    <bundledJre64Bit>false</bundledJre64Bit>
    <bundledJreAsFallback>false</bundledJreAsFallback>
    <minVersion>11.0.5</minVersion>
    <maxVersion></maxVersion>
    <jdkPreference>preferJre</jdkPreference>
    <runtimeBits>64/32</runtimeBits>
    <opt>--module-path &quot;C:\Job\javafx-sdk-11.0.2\lib&quot; --add-modules javafx.controls,javafx.fxml</opt>
  </jre>
</launch4jConfig>